label,review
1,??四海~ //@钟楚红Cherie:生日快??Leslie. 怎?忘?你！ //@MollyChoi916:[心][爱你][花心]
1,[嘻嘻]在加拿大的小伙伴也走起?
0,要上班了[泪] 我在:http://t.cn/zTG2ve6
1,"#Travelzoo旅游族超值机票特惠情报#春暖3月，西藏林芝的桃花即将开放，此时的西藏，游人不多，风景幽美[好喜欢] ~现@东方航空 推出【拉萨至上海机票特惠】仅￥1,010/人起，相当于3.7折。去时坐火车进拉萨适应高原反应，回时坐飞机则可节约出行时间[太开心] ~ http://t.cn/8F1fFHF"
1,#七年后再游日照#  今天就要回家了，临走时看中顶草帽[汗] 买了吧，只能下次出游戴了[哈哈][哈哈][哈哈]  我在这里:http://t.cn/zHeBjDv
1,那再夸下去吾要得瑟骄傲来[害羞] ，低调低调点[耶]//@-小K妈-:伊么老吃老组来！老法师来[嘻嘻]//@小妞妈咪:通妈你太太太太厉害了[鼓掌]叫我们怎么办啊[挖鼻屎]
1,[鼓掌]//@分担: [鼓掌]//@幽幽绿竹林: //@我爱单反摄影: //@阳光洒满小院: //@阳光和天地: 苦瓜不苦，好清新[good]
0,为毛总觉得他说得都是乌鸦嘴呢。[衰][衰][衰]不会是要跌了吧。
1,#80公升爱在边境# 太美了！哈哈，旅行是最好的化妆品和保养品，你同意吗？[哈哈]
1,恭喜！小编和小编的小伙伴都很满意~亲啥时候来取礼品提前联系小编哟！//@罗宾s凯: 偷偷告诉你们[嘘][嘘]，这么便宜的五星级酒店北京少有！[抱抱][抱抱] //@罗宾s凯: 当然是真的啦，而且我还能说地理位置超级好吗？ //@首都大酒店官方微博: 还真是哎！小编考虑下说实话是不是应该有多重好礼呢？[阴险]
0,唉呀妈呀。[可怜]//@linda慧慧: 恐怖。。。 //@粉妖怪:回复@夫子徐:擦 太可怕了 大半夜的闹哪样[衰]@小了个橙子 @linda慧慧 @玉珠子 //@夫子徐: @粉妖怪 警惕 //@Z_燕小云:都是南京吗？金陵噩梦啊 //@首席观察: 这几天第三个了吧？
1,哈哈。还是忍不住转发。还有谢谢亲爱的礼物?，你是第一件哦！而且给我绝对的惊喜[爱你]
0,大晚上的招人哭啊[泪][泪] //@全球热门伤不起:如果你能压抑浮躁，可以一起看看这平淡的故事。
0,回复@Here_球球:  老乡，你别这样，回浦江我请你吃绿豆糕~ //@Here_球球:那么不知足啊，我这一个小馒头8毛。舍不得买[泪] //@何小春max:回复@小崔Online:[威武] //@小崔Online:回复@何小春max:[耶] 木有问题~为了搜刮春哥一顿，也得去趟杭州~
0,唉……不应该啊，上海的公交服务向来是国内最好的，被她丢脸了[泪][泪]
1,GRD，有钱人哟[嘻嘻] //@宝宝冰冰666:我买了一个，23800.现在还在
0,不仅孩子，差点把自己都舍了去[泪]//@天空晴朗3: 舍不得孩子套不着狼[嘻嘻] //@杨新阳-旅伴:是啊！ //@管理老金: 花了巨资吧
0,回复@于士博0411:我刚才是转发的 我要让大家都看到你的丑恶嘴脸 //@于士博0411:回复@赵玺为赵彬相声:我不说话了！[悲伤]
0,晚上川成元加鲜果时光本以为有海盐系列可惜记错了原来是那是快乐柠檬才有[泪][泪]
1,北京西单美爵酒店大宴会厅备有先进的视听设备[围观]，是举办各种仪式庆典、商务会议、招待会和宴会的最佳场所！[呵呵]在这里，您可以拥有美轮美奂的婚礼现场[心]，在这里，您也可以享受别有特色的主题宴会[亲亲]！美爵，用心感受，身之所在~@purple_1001
0,我何尝不是。我都出去吃了个早点散了个步了。//@H侯小娜na：一点睡觉，六点起 //@杜小花花花花花__:对啊、中午还有一午觉呢… // @杨雅淇叶叶叶叶 : 我们还可以听听收音机 逛逛早市 // @橙子亮亮 : [抓狂]变成老年人睡眠啦
0,我深知再万能的面膜，再牛逼的spa也挽不回姐姐被化妆品深度腐蚀滴脸[挖鼻屎][抓狂][委屈]，我只有使出杀手锏---[睡觉]睡觉！！[酷]。还是不行只有靠终极灭绝武器PS鸟[鼓掌]。各位著名的姐明天14：30?15：30到@婷婷L的小窝  @袁玫angel  @李小碧Cecily @王小悦Yolanda  Good night!
0,我发现自己一点也不热爱生活[悲伤]，生活于我，可有可无，似乎每天上班下班回家睡觉，就完成了我的人生。F U C K !!!
1,【零点缘分互动贴】睡不着的蟹蟹们开始活动起来啦，快来报上生日，遇有缘蟹友啦~~[太开心] （@巨蟹座网 微信号：juxiezuowang）
1,我在:#长沙黄花菜机场# 。和涵哥在一起[哈哈]
1,股市？除了牛市的时候跟着赚点儿，其他时候一概不要参与[lt切克闹]//@尼克安闲: 回复@湘夫人:怕与不怕在于内心有多强大[嘻嘻] //@湘夫人:@55168论坛-上市公司调研网 @候宁@尼克安闲 @长余量化对冲投资 @有福社长 @好人老周 @北京老老徐 @保利地产复星 你们都是高人 别闲聊了 研究一下吧 //@湘夫人
0,这篇文章是用我的博文拼凑起来的吧？连图片也用我的！最糟糕的是，为什么把七月娃娃改成七0娃娃，这个差好远的有木有？[泪]@常德晚报官方微博
1,老外总结出来的28件能瞬间毁灭心情的小事。。。。你中枪了么[哈哈]via英国那些事儿
0,一次也没吃过[泪] //@WenMimi：[泪] 只吃过一次酸奶冰淇淋，想吃
0,赞 //@糖果色诱惑:不要再来引诱我拉~~[泪][泪][泪]
0,突然想起来，昨天在太阳宫凯德Mall的泡泡玛特里看到超级漂亮的lomo相机、鱼眼相机、拍立得etc.各种喜欢各种流口水！价格基本全部上千，体积小，外观复古又骚气，外置闪光灯，不太能理解机身重量居然是佳能600D的一倍。略长草，要是有点积蓄就想入手了[泪][lxhx狂欢]
0,死一百回都便宜了她！[抓狂] [怒]//@DJ陈磊:靠！我诅咒这恶人全家死光// @DJ刘茜 : 人肉它！！！！[怒] // @思同的围脖 : 畜生~！！[抓狂]
1,我也喜欢老托的片子//@托斯卡纳TSKL:谢谢帅哥编辑//@栾春明:就喜欢你的片子 //@托斯卡纳TSKL:谢谢编辑推荐[爱你]//@中国摄影师杂志://@小海学摄影: [鼓掌]
1,[嘻嘻]最近太忙，压面机休息好久了，看到你们做的我也安慰了
0,//@记者联合调查: //@记者联合调查: //@patrick方:[哈哈] //@HenReyes://@今日在线微评:美丽的神话[抓狂] //@守候者说://@沙漠里的曝光台: 转发微博
1,[哈哈]对，再来几盅。 //@侯宁: 喝一盅就能入睡啊，说明这厮压力不大啊。继续施压！
1,[哈哈][哈哈]//@JACKY-GOLF:[good]//@神回复吐槽鬼: 人一简单就快乐，一世故就变老。保持一颗年轻的心，做一个简单的人。
0,疯了心了这是[汗]//@梦回圆明Viki:这。。这。。。[衰]
1,碉堡是什么意思？是黄继光炸的那个吧！黄继光堵枪眼来着吧？那炸碉堡的是谁！邱少云！~~~~~~~ @黄小闲86 @武越明 @iam王璞 @lucky梁璐 @末末周织围脖 这辈子就指着这个笑了~~~[哈哈][哈哈][哈哈]
1,[爱你][吐]//@安然的蓝: [吐]//@向雷锋学习的向雷: [爱你][吐]//@出版人七七未央: //@同学你该吃药了: [爱你][吐] //@我的朋友是个呆B:[爱你][吐]//@萌了个包:[爱你][吐]//@你方便时方不方便吃方便面: [爱你][吐]//@一枚可爱的小瓶钙:[爱你][吐] //@女孩子闭起眼睛来就是要你亲她嘛:[爱你][吐]
0,一大早这车就这么烦躁！[怒] 我在:http://t.cn/zlsybg0
0,#为爱向前冲#今天节目还没开始，我们的@茉莉弦_郑莉 和男嘉宾就开始辩论了，今天节目里又会出现什么样的状况那[抓狂]
1,我喜欢五花肉，每天十盒太少了。 //@高金庄园黑猪:[哈哈][哈哈][哈哈]小伙伴快来选购！@晌午的精灵 @苏怡GG @成都多米诺 @敏一嘴 @王诗琪Kelly
1,她的市长是选举的吧？ //@锦诺忠哥:回复@上海卡聂?葡萄酒重庆王?毅:心理阴影  //@上海卡聂?葡萄酒重庆王?毅:这等市长可能也被哪个过[哈哈][哈哈]  //@锦诺忠哥:支持  //@jerry是律师:  //@锦瑟无端五十弦7:   //@一心向善大爱无疆: 畜生！   //@LENOVO525:  //@戴刚米:   //@光学镀膜的阿俊:
0,没事，放心//@陈玉霞博斐秀禾:注意体形[抓狂]
1,@言之海也 快买快买，我也买！[鼓掌]
1,可以试试！让护士跟你说：亲，给个好评噢！[爱你] //@浙江电信-周晨: @YOYO-阳阳
0,太尼玛缺德了！转！[怒][弱] //@帅帅小欣欣: 天下之大，无处说理！@兔拉拉810 转起来
0,今天一天都烦躁心绪不宁，果然晚上游泳?溺水了，喝了一肚子水，拼命挣扎，看着自己在水里冒泡喘不过气的感觉真可怕，甚至想喊也喊不出来！还好老公及时赶到，我的小命保住了，再也不去深水区了！！生命太脆弱了，死亡太可怕了！[泪][泪][泪]
1,#随手拍#@MR小a @蛋蛋IN北京 三个男人相约一起@王府半岛酒店 没有妹纸着实不太像我们的风格哈哈。虽没妹纸但在这温馨的环境中，喝着暖暖的热巧吃着火鸡和树根蛋糕三个男淫也聊得不亦乐乎。而且卫生间偶遇@大菜微博 不过是门口呦哈哈[哈哈]。还有超可爱的小菜。@紫色透明 姐没有来[泪] @京城美食探店
1,我的良师益友死党，我的事业幸运启明星，上升双鱼的狮子男，文艺气质的理智老板，舞台上的音乐诗人，生活中的绝世好男人：炮哥！@胡海泉 生日快乐！爱生活！爱炮哥！[哈哈]
0,我想去，但是没有时间...[泪]
0,真想骂街!这会儿才发现没有个自己的爷们在身边真不行，我这扛着五六个包爬大五楼，现在真心想死。我的爷们，我真心祝你在那儿吃苦受罪，不用想我。[衰]
1,刘校长在主持车上娱乐项目...[哈哈]@尚涛造型刘颖倩
0,[晕]简直美翻了 什么时候才可以去希腊哇 ps：昨晚们你到你嘞#^_^#
0,金箍棒。。。我日？？？？[抓狂][抓狂][抓狂][抓狂]
0,得有多脑残的企业高管才愿意投资3千万以上在毒气重重的北京搞个户口？有这种眼光的领导人的企业大概也没法实现可持续发展。另：天朝千万不要迁都去祸害别的地方[衰]
0,[泪][泪][泪] //@YukyYuky陈钰琪:理性的人 会选择相望于江湖[心]
0,好靓啊[抓狂]见到美景好想旅行啊
0,@91外教网小龙女 龚海燕说在世纪佳缘上有位美女收到了18万求婚信  牛啊  被这么多男银追多幸福啊 但这数字对这位美女也是很痛苦滴[抓狂][哈哈][嘻嘻] 她咋看咋选择呢[吃惊][睡觉]
1,[嘻嘻]生日快乐哦[蛋糕][礼物]
1,刚刚遇到@尼玛哈海 从早上6点就没休息过 //@海南神州半岛喜来登度假酒店: 必须入住率100%[鼓掌][鼓掌]
1,我的新新相机[哈哈]
0,自己做[偷笑] //@??清泉--?瑟皮大王:凶了要西，一边做汗都滴在铁板上//@钱熠在纽约: 我也晓得这个地方的[泪]//@DBenny:[威武]
0,据说上班族是这样描述一周的。[晕]
1,我是穷人。//@新居时代屈扬：看了这个标准线，鸭梨很大啊！[做鬼脸][哈哈][哈哈]
1,[鼓掌]//@老头夜话: 好片子！//@贾鹏paul: 各种PS
1,好好度假哦！[爱你][爱你][爱你][爱你]
0,冻，死，我，了[泪]
1,//@娜蝎年华:[哈哈]
1,[嘻嘻]热爱围棋的抓紧第二轮报名啊 //@天涯棋客江芮:现在，有来自全国各地的棋友，报名参加赴日的已经过百人。这次日本长崎官方方面提供了优惠条件，日方棋友已经准备好迎战中国棋友。希望大家这段时间加油练习，争取发挥出自己的最好水平。以棋会友。还未办理报名的小朋友们请尽快补报，谢谢！
0,刺瞎我的眼吧[抓狂][神马][浮云] //@美团郑州小马哥: 这是车展还是模展！[围观]
1,感谢支持！wifi在桌牌上都有提示，明天会全部写在小票上[嘻嘻][嘻嘻]
0,电视播到凤凰卫视，这个女主持太搞笑了。拿着火腿说是培根！然后做的蘑菇汤颜色非常奇怪[晕]电视节目好不负责啊，愚弄观众么
0,要不～把糖戒了？ //@心-型圈:[衰][可怜][抓狂] //@端端知了: 啊 我高中时就经常吃糖 难道因为这个原因我影响了我高考么 啊啊啊 嘿嘿
1,各位私信的盆友们我戴的雪镜是Smith的我就不一一回复了见谅哈[爱你]
1,//@明敏1101:[哈哈][哈哈][哈哈] 真的哎//@清华南都:我确定有一张就是火腿//@占-Loewe：我草，越到后面越糊涂了
0,一岁零两个月的波妞是青春期吗？整个就是一小疯子[汗]非常的躁动，作为一个mm，撒尿也是边走边尿[晕][生病]
1,#海南美景# 【儋州千年古盐田之美】儋州洋浦开发区的新英湾区是一个天然避风的海湾，在这个海湾里，有流传千余年的古盐田和晒盐技艺，被人们称为洋浦最早的“工业”。它没有天生丽质和华贵的美貌，它的美朴实而厚重，它有些神奇和神秘，它成了人们眼里一道绝美的风景。[爱你]http://t.cn/8kqPUnB
1,@忽而今夏-云 @Sophie诺诺 @光头老薛 [哈哈][哈哈][哈哈][哈哈] 我手机的logo缺了一块！//@琢磨先生:大早上被笑醒了～ //@文怡: 哈哈哈哈哈，我终于理解为嘛微博上老有人说吐槽无力了[哈哈][哈哈][哈哈][哈哈]
0,灾难面前，众多媒体人只能在微博上慷慨陈词，悲哀！[泪]
0,真心相信了@evitawu  说的：胸大，穿什么、怎么穿都不好看。//@joyshen的围脖:静脉曲张啊// @有劳姑娘 :容嬷嬷，上针！ // @夏林菲 :[衰]
1,tourssrok的确是我的最爱。很准呢。//@山山工作日记:我老公是天蝎爱必浓，一价全含适合他，吃的多[偷笑]//@Coits周乐: 我是爱舟酒店 我老公是艾美酒店 要去二次毛球度假[爱你][鼓掌][鼓掌]
0,每次看到流浪狗过马路总是很揪心，可怜的狗狗惊恐无助的眼神久久不能忘[泪][泪][泪]
0,那我这个苹果[馋嘴][泪]
1,还真的满煞的[偷笑]#啊对不起没关系嗷嗷嗷#//@Eterchen: 短发好//@妖妖小精-色系军团: [哈哈][哈哈][哈哈] //@正宗好鱼头:哈哈哈哈哈 //@空军教练白娘娘:哈哈哈哈哈哈哈哈哈哈哈哈哈哈笑完之后惨痛回忆悲从心来！！！//@庄雅婷: 明明是嗷嗷嗷嗷嗷嗷…
1,演出完毕，吃饭去喽，好圆的?！[爱你][爱你][爱你][嘻嘻][嘻嘻][哈哈][哈哈]
0,好久木有中过奖啦 [泪] @lily19966 @铃铛儿MM
1,虽然还有一堆小问题！但最艰难的部分搞定了！[鼓掌]可以睡几天好觉了！TMD我真是个苦逼的码农！[泪]
1,有一种闲，叫闲得蛋疼。。。[哈哈]
0,呷哺呷哺今天又遇见文盲曰：jia pu jia pu[汗][晕][吃惊][鄙视]
0,??明天终于可以休息了[泪]，不是因为过节而是因为周末…[悲伤]
1,给你这伴儿起个名儿 大双和小双 //@嘻哈包袱铺陈曦:不怕[鼓掌] 在火车上的钱还没花完呢，你懂 的// @嘻哈包袱铺刘星 ：小心贼惦记[酷]
1,回复@Ben_Poon_:有点底子就行，关键是有心 //@Ben_Poon_:惭愧，惭愧！…在这行业真的很渺小！…[握手] //@糖哥-咖啡大佬老冯:光想可不行啊[嘻嘻][嘻嘻]  //@chloe-yung:想啊
0,千辛万苦走到木樨地，这回好了，彻底被拦截，又得为哪位让道啊。[抓狂] 我在这里:http://t.cn/zjfeOkr
1,早上6点醒来，吃了一份三明治和橙汁，接着睡到10点多。起床，第二份早餐之后，看爸爸去哪儿，这一集特好看，笑点多，也有许多感人的地方。我觉得Angela是5个小孩中最最有趣的一个，嘴巴甜，表情特丰富。看到她最后在海边急的大叫，我太瘦啦，我是瘦，我是瘦。。。[哈哈][哈哈] 笑喷了。
1,[哈哈]//@Daniel风的来世: [哈哈]
0,Tim COOK承认苹果在北美停止增长 肿么办呢[抓狂] 2月10日美国刊登了对苹果Cook进行专访的问答式文章。当时库克刚结束苹果2014 Q1营收会议，其报告结果也引起投资者们不满。之后苹果股价立刻大跌8%。库克说“从我们的财报就可以看出，公司被北美市场拖累，因为负担太重了。”这一回答诚实而又直接[抓狂]
1,真神奇，我也看到纳[哈哈]话说，你们也互粉纳[偷笑] //@弱水三千的地图:你看到了！我也看到啦！[耶]  //@憨逗滴猪宝贝:能看到的都会幸福[嘻嘻]
0,好吧，你赢了，我不喜欢，我不想死后被解剖得那么凄凉。//@aya爱吃芒果干: @噢咔咔 //@神秘震惊事件: 这口味的确有点重[衰]
